<?xml version="1.0" encoding="UTF-8" standalone="yes"?>
<gameBoard>
    <board>
        <item>WALL</item>
        <item>WALL</item>
        <item>WALL</item>
        <item>WALL</item>
        <item>WALL</item>
        <item>WALL</item>
    </board>
    <board>
        <item>WALL</item>
        <item>GOLD</item>
        <item>HERO</item>
        <item>EMPTY</item>
        <item>EMPTY</item>
        <item>WALL</item>
    </board>
    <board>
        <item>WALL</item>
        <item>EMPTY</item>
        <item>EMPTY</item>
        <item>EMPTY</item>
        <item>EMPTY</item>
        <item>WALL</item>
    </board>
    <board>
        <item>WALL</item>
        <item>EMPTY</item>
        <item>EMPTY</item>
        <item>EMPTY</item>
        <item>EMPTY</item>
        <item>WALL</item>
    </board>
    <board>
        <item>WALL</item>
        <item>EMPTY</item>
        <item>EMPTY</item>
        <item>EMPTY</item>
        <item>EMPTY</item>
        <item>WALL</item>
    </board>
    <board>
        <item>WALL</item>
        <item>WALL</item>
        <item>WALL</item>
        <item>WALL</item>
        <item>WALL</item>
        <item>WALL</item>
    </board>
    <gameOver>false</gameOver>
    <goldPickedUp>false</goldPickedUp>
    <size>6</size>
    <startingColumn>2</startingColumn>
    <startingRow>1</startingRow>
</gameBoard>
